,Date,Week,Buy Price,Qty,Investment Amount
0,02-01-09,1,30.556,37,1130.5720000000001
1,05-01-09,2,31.174999,37,1153.474963
2,12-01-09,3,27.726,41,1136.766
3,19-01-09,4,28.445999,40,1137.83996
4,27-01-09,5,27.721001,41,1136.561041
5,02-02-09,6,28.17,40,1126.8000000000002
6,09-02-09,7,29.327999,39,1143.791961
7,16-02-09,8,28.542,40,1141.68
8,24-02-09,9,27.523001,41,1128.443041
9,02-03-09,10,27.046,42,1135.932
10,09-03-09,11,26.24,43,1128.32
11,16-03-09,12,28.018,41,1148.738
12,23-03-09,13,29.473,39,1149.447
13,30-03-09,14,29.834,38,1133.692
14,06-04-09,15,32.702,35,1144.57
15,13-04-09,16,33.868,34,1151.5120000000002
16,20-04-09,17,33.817001,34,1149.778034
17,27-04-09,18,34.890999,33,1151.402967
18,04-05-09,19,36.598,31,1134.538
19,11-05-09,20,35.73,32,1143.36
20,18-05-09,21,42.757,26,1111.682
21,25-05-09,22,42.609001,27,1150.443027
22,01-06-09,23,45.466999,25,1136.6749750000001
23,08-06-09,24,44.492001,25,1112.300025
24,15-06-09,25,45.105999,25,1127.6499749999998
25,22-06-09,26,43.067001,26,1119.742026
26,29-06-09,27,44.646999,25,1116.1749750000001
27,06-07-09,28,42.432999,27,1145.690973
28,13-07-09,29,39.887001,28,1116.836028
29,20-07-09,30,44.995998,25,1124.89995
30,27-07-09,31,45.556,25,1138.8999999999999
31,03-08-09,32,46.926998,24,1126.247952
32,10-08-09,33,44.404999,25,1110.124975
33,17-08-09,34,44.198002,26,1149.148052
34,24-08-09,35,46.499001,24,1115.976024
35,31-08-09,36,46.744999,24,1121.879976
36,07-09-09,37,47.716,24,1145.184
37,14-09-09,38,48.013,24,1152.312
38,22-09-09,39,50.062,23,1151.426
39,29-09-09,40,49.698002,23,1143.054046
40,05-10-09,41,50.018002,23,1150.414046
41,12-10-09,42,50.366001,22,1108.0520219999999
42,20-10-09,43,51.016998,22,1122.373956
43,26-10-09,44,49.868,23,1146.964
44,03-11-09,45,46.152,25,1153.8
45,09-11-09,46,49.308998,23,1134.106954
46,16-11-09,47,50.771,22,1116.962
47,23-11-09,48,51.047001,22,1123.034022
48,30-11-09,49,50.312,22,1106.864
49,07-12-09,50,50.727001,22,1115.994022
50,14-12-09,51,51.042,22,1122.924
51,21-12-09,52,49.792999,23,1145.238977
52,29-12-09,53,52.096001,22,1146.112022
53,04-01-10,1,52.393002,22,1152.646044
54,11-01-10,2,52.791,21,1108.6109999999999
55,18-01-10,3,52.700001,21,1106.700021
56,25-01-10,4,51.900002,22,1141.800044
57,01-02-10,5,50.490002,22,1110.7800439999999
58,08-02-10,6,48.205002,23,1108.715046
59,15-02-10,7,47.810001,24,1147.440024
60,22-02-10,8,49.0,23,1127.0
61,02-03-10,9,50.400002,22,1108.800044
62,08-03-10,10,51.279999,22,1128.159978
63,15-03-10,11,51.404999,22,1130.909978
64,22-03-10,12,52.299999,22,1150.599978
65,29-03-10,13,52.900002,21,1110.900042
66,05-04-10,14,53.845001,21,1130.7450210000002
67,12-04-10,15,53.099998,21,1115.099958
68,19-04-10,16,52.23,22,1149.06
69,26-04-10,17,52.599998,21,1104.599958
70,03-05-10,18,52.150002,22,1147.300044
71,10-05-10,19,51.945,22,1142.79
72,17-05-10,20,50.950001,22,1120.900022
73,24-05-10,21,50.07,23,1151.61
74,31-05-10,22,50.630001,22,1113.860022
75,07-06-10,23,50.48,22,1110.56
76,14-06-10,24,52.040001,22,1144.8800219999998
77,21-06-10,25,53.549999,21,1124.549979
78,28-06-10,26,52.915001,21,1111.215021
79,05-07-10,27,52.865002,21,1110.1650419999999
80,12-07-10,28,53.889999,21,1131.689979
81,19-07-10,29,53.674999,21,1127.174979
82,26-07-10,30,54.130001,21,1136.730021
83,02-08-10,31,54.424999,21,1142.924979
84,09-08-10,32,55.0,20,1100.0
85,16-08-10,33,54.035,21,1134.735
86,23-08-10,34,55.93,20,1118.6
87,30-08-10,35,54.695,21,1148.595
88,06-09-10,36,55.465,20,1109.3000000000002
89,13-09-10,37,57.799999,19,1098.199981
90,20-09-10,38,60.0,19,1140.0
91,27-09-10,39,60.98,18,1097.6399999999999
92,04-10-10,40,61.98,18,1115.6399999999999
93,11-10-10,41,61.900002,18,1114.200036
94,18-10-10,42,61.279999,18,1103.039982
95,25-10-10,43,61.603001,18,1108.854018
96,01-11-10,44,61.841999,18,1113.155982
97,08-11-10,45,63.425999,18,1141.667982
98,15-11-10,46,62.188999,18,1119.401982
99,22-11-10,47,61.062,18,1099.116
100,29-11-10,48,59.254002,19,1125.826038
101,06-12-10,49,60.436001,19,1148.284019
102,13-12-10,50,60.018002,19,1140.342038
103,20-12-10,51,60.327999,19,1146.231981
104,27-12-10,52,60.922001,18,1096.596018
105,03-01-11,1,62.166,18,1118.9879999999998
106,10-01-11,2,58.500999,19,1111.518981
107,17-01-11,3,57.352001,20,1147.04002
108,24-01-11,4,58.355999,19,1108.763981
109,31-01-11,5,55.467999,20,1109.35998
110,07-02-11,6,55.189999,20,1103.79998
111,14-02-11,7,55.506001,20,1110.1200199999998
112,21-02-11,8,55.970001,20,1119.40002
113,28-02-11,9,54.160999,21,1137.380979
114,07-03-11,10,55.355,20,1107.1
115,14-03-11,11,55.993999,20,1119.8799800000002
116,21-03-11,12,54.539001,21,1145.319021
117,28-03-11,13,57.587002,20,1151.74004
118,04-04-11,14,59.571999,19,1131.8679809999999
119,11-04-11,15,58.456001,19,1110.664019
120,18-04-11,16,57.761002,19,1097.459038
121,25-04-11,17,59.52,19,1130.88
122,02-05-11,18,57.654999,20,1153.09998
123,09-05-11,19,56.416,20,1128.32
124,16-05-11,20,55.924999,20,1118.49998
125,23-05-11,21,54.799999,21,1150.799979
126,30-05-11,22,55.716,20,1114.32
127,06-06-11,23,56.123001,20,1122.46002
128,13-06-11,24,56.099998,20,1121.99996
129,20-06-11,25,53.723,21,1128.183
130,27-06-11,26,55.987999,20,1119.75998
131,04-07-11,27,57.231998,20,1144.63996
132,11-07-11,28,57.039001,20,1140.78002
133,18-07-11,29,56.964001,20,1139.2800200000001
134,25-07-11,30,57.400002,20,1148.00004
135,01-08-11,31,56.502998,20,1130.05996
136,08-08-11,32,52.386002,22,1152.4920439999999
137,16-08-11,33,51.602001,22,1135.244022
138,22-08-11,34,50.186001,22,1104.092022
139,29-08-11,35,50.509998,22,1111.2199560000001
140,05-09-11,36,51.125999,22,1124.771978
141,12-09-11,37,50.504002,22,1111.088044
142,19-09-11,38,50.759998,22,1116.7199560000001
143,26-09-11,39,49.388,23,1135.924
144,03-10-11,40,49.480999,23,1138.062977
145,10-10-11,41,50.599998,22,1113.199956
146,17-10-11,42,51.858002,22,1140.876044
147,24-10-11,43,51.640999,22,1136.101978
148,31-10-11,44,53.884998,21,1131.5849580000001
149,08-11-11,45,53.701,21,1127.721
150,14-11-11,46,52.243,22,1149.346
151,21-11-11,47,48.819,23,1122.837
152,28-11-11,48,49.348,23,1135.004
153,05-12-11,49,51.110001,22,1124.420022
154,12-12-11,50,48.655998,23,1119.0879539999999
155,19-12-11,51,47.563999,24,1141.5359760000001
156,26-12-11,52,48.664001,23,1119.272023
157,02-01-12,1,47.178001,24,1132.272024
158,09-01-12,2,48.257,23,1109.911
159,16-01-12,3,49.351002,23,1135.073046
160,23-01-12,4,51.231998,22,1127.103956
161,30-01-12,5,52.027,22,1144.594
162,06-02-12,6,54.034,21,1134.714
163,13-02-12,7,54.438999,21,1143.218979
164,21-02-12,8,56.769001,20,1135.38002
165,27-02-12,9,53.820999,21,1130.240979
166,05-03-12,10,53.953999,21,1133.033979
167,12-03-12,11,53.752998,21,1128.812958
168,19-03-12,12,52.717999,21,1107.077979
169,26-03-12,13,52.189999,22,1148.1799780000001
170,02-04-12,14,53.346001,21,1120.266021
171,09-04-12,15,52.724998,21,1107.224958
172,16-04-12,16,52.591999,21,1104.431979
173,23-04-12,17,52.148998,22,1147.277956
174,30-04-12,18,52.514,21,1102.794
175,07-05-12,19,51.527,22,1133.594
176,14-05-12,20,48.852001,23,1123.596023
177,21-05-12,21,49.321999,23,1134.405977
178,28-05-12,22,49.898998,23,1147.676954
179,04-06-12,23,49.060001,23,1128.380023
180,11-06-12,24,50.970001,22,1121.340022
181,18-06-12,25,50.938999,22,1120.657978
182,25-06-12,26,51.583,22,1134.826
183,02-07-12,27,53.226002,21,1117.746042
184,09-07-12,28,52.855999,21,1109.9759789999998
185,16-07-12,29,52.507999,21,1102.667979
186,23-07-12,30,51.720001,22,1137.840022
187,30-07-12,31,52.435001,22,1153.5700219999999
188,06-08-12,32,53.116001,21,1115.436021
189,13-08-12,33,53.799,21,1129.779
190,21-08-12,34,54.416,21,1142.7359999999999
191,27-08-12,35,53.844002,21,1130.724042
192,03-09-12,36,52.709999,21,1106.909979
193,10-09-12,37,54.126999,21,1136.6669789999999
194,17-09-12,38,56.568001,20,1131.36002
195,24-09-12,39,56.988998,20,1139.77996
196,01-10-12,40,57.519001,20,1150.38002
197,08-10-12,41,57.139999,20,1142.79998
198,15-10-12,42,57.409,20,1148.18
199,22-10-12,43,57.502998,20,1150.05996
200,29-10-12,44,57.43161,20,1148.6322
201,05-11-12,45,57.870041,19,1099.530779
202,12-11-12,46,57.65612,20,1153.1224
203,19-11-12,47,56.51329,20,1130.2658
204,26-11-12,48,57.1614,20,1143.228
205,03-12-12,49,59.537491,19,1131.212329
206,10-12-12,50,59.916248,19,1138.4087120000002
207,17-12-12,51,59.39352,19,1128.47688
208,24-12-12,52,59.394451,19,1128.494569
209,01-01-13,1,60.351662,19,1146.681578
210,07-01-13,2,60.726891,19,1153.810929
211,14-01-13,3,61.081741,18,1099.471338
212,21-01-13,4,61.669159,18,1110.044862
213,28-01-13,5,61.595249,18,1108.714482
214,04-02-13,6,60.701988,19,1153.337772
215,11-02-13,7,59.796959,19,1136.142221
216,18-02-13,8,59.814259,19,1136.470921
217,25-02-13,9,59.370762,19,1128.044478
218,04-03-13,10,57.799881,19,1098.197739
219,11-03-13,11,60.263371,19,1145.004049
220,18-03-13,12,58.450989,19,1110.568791
221,25-03-13,13,56.459671,20,1129.19342
222,01-04-13,14,57.1572,20,1143.144
223,08-04-13,15,55.537609,20,1110.75218
224,15-04-13,16,55.786491,20,1115.72982
225,22-04-13,17,58.443218,19,1110.4211420000001
226,29-04-13,18,59.135769,19,1123.579611
227,06-05-13,19,59.800072,19,1136.201368
228,13-05-13,20,59.93388,19,1138.74372
229,20-05-13,21,61.6945,18,1110.501
230,27-05-13,22,60.955238,18,1097.194284
231,03-06-13,23,59.74551,19,1135.16469
232,10-06-13,24,59.152142,19,1123.890698
233,17-06-13,25,58.926708,19,1119.607452
234,24-06-13,26,56.519001,20,1130.38002
235,01-07-13,27,59.271999,19,1126.167981
236,08-07-13,28,58.747002,19,1116.1930380000001
237,15-07-13,29,60.730999,18,1093.157982
238,22-07-13,30,60.764,18,1093.752
239,29-07-13,31,58.764,19,1116.516
240,05-08-13,32,57.395,20,1147.9
241,12-08-13,33,56.763,20,1135.26
242,19-08-13,34,54.965,20,1099.3000000000002
243,26-08-13,35,55.272999,20,1105.45998
244,02-09-13,36,56.061001,20,1121.22002
245,10-09-13,37,59.401001,19,1128.619019
246,16-09-13,38,59.037998,19,1121.721962
247,23-09-13,39,59.676998,19,1133.862962
248,30-09-13,40,58.223999,19,1106.255981
249,07-10-13,41,59.834999,19,1136.8649810000002
250,14-10-13,42,61.775002,18,1111.950036
251,21-10-13,43,62.717999,18,1128.923982
252,28-10-13,44,61.757,18,1111.626
253,05-11-13,45,63.321999,18,1139.7959819999999
254,11-11-13,46,61.580002,18,1108.440036
255,18-11-13,47,62.551998,18,1125.935964
256,25-11-13,48,61.91,18,1114.3799999999999
257,02-12-13,49,62.902,18,1132.236
258,09-12-13,50,64.216003,17,1091.672051
259,16-12-13,51,62.291,18,1121.2379999999998
260,23-12-13,52,63.641998,18,1145.5559640000001
261,01-01-14,1,63.719002,18,1146.9420360000001
262,06-01-14,2,62.542,18,1125.756
263,13-01-14,3,63.359001,18,1140.462018
264,20-01-14,4,63.877998,18,1149.803964
265,27-01-14,5,62.102001,18,1117.836018
266,03-02-14,6,61.291,18,1103.2379999999998
267,10-02-14,7,61.479,18,1106.622
268,17-02-14,8,61.618999,18,1109.141982
269,24-02-14,9,62.591999,18,1126.655982
270,03-03-14,10,62.879002,18,1131.822036
271,10-03-14,11,65.737999,17,1117.545983
272,18-03-14,12,65.157997,17,1107.685949
273,24-03-14,13,65.851997,17,1119.483949
274,31-03-14,14,67.0,17,1139.0
275,07-04-14,15,66.999001,17,1138.983017
276,15-04-14,16,67.664001,17,1150.288017
277,21-04-14,17,68.459,16,1095.344
278,28-04-14,18,67.906998,16,1086.511968
279,05-05-14,19,67.269997,17,1143.5899490000002
280,12-05-14,20,70.370003,16,1125.920048
281,19-05-14,21,72.927002,15,1093.9050300000001
282,26-05-14,22,73.890999,15,1108.364985
283,02-06-14,23,73.740997,15,1106.114955
284,09-06-14,24,77.108002,14,1079.512028
285,16-06-14,25,76.091003,15,1141.365045
286,23-06-14,26,75.390999,15,1130.864985
287,30-06-14,27,76.467003,15,1147.005045
288,07-07-14,28,78.277,14,1095.878
289,14-07-14,29,75.038002,15,1125.57003
290,21-07-14,30,77.468002,14,1084.552028
291,28-07-14,31,78.223,14,1095.122
292,04-08-14,32,77.695,14,1087.73
293,11-08-14,33,77.125,14,1079.75
294,18-08-14,34,79.569,14,1113.9660000000001
295,25-08-14,35,79.862999,14,1118.0819860000001
296,01-09-14,36,81.285004,14,1137.990056
297,08-09-14,37,82.591003,13,1073.683039
298,15-09-14,38,81.266998,14,1137.737972
299,22-09-14,39,82.592003,13,1073.6960390000002
300,29-09-14,40,80.671997,14,1129.407958
301,07-10-14,41,79.380997,14,1111.333958
302,13-10-14,42,79.911003,14,1118.754042
303,20-10-14,43,79.917999,14,1118.851986
304,27-10-14,44,80.776001,14,1130.864014
305,03-11-14,45,84.349998,13,1096.549974
306,10-11-14,46,84.365997,13,1096.7579609999998
307,17-11-14,47,85.264999,13,1108.444987
308,24-11-14,48,86.101997,13,1119.325961
309,01-12-14,49,86.438004,13,1123.694052
310,08-12-14,50,85.547997,13,1112.123961
311,15-12-14,51,83.290001,13,1082.770013
312,22-12-14,52,84.448997,13,1097.836961
313,01-01-15,1,83.814003,13,1089.582039
314,05-01-15,2,84.492996,13,1098.408948
315,12-01-15,3,84.117996,13,1093.533948
316,19-01-15,4,86.217003,13,1120.8210390000002
317,27-01-15,5,89.862,12,1078.344
318,02-02-15,6,89.184998,12,1070.2199759999999
319,09-02-15,7,86.558998,13,1125.2669740000001
320,16-02-15,8,89.486,12,1073.832
321,23-02-15,9,87.664001,13,1139.632013
322,02-03-15,10,89.413002,12,1072.956024
323,09-03-15,11,87.792999,13,1141.308987
324,16-03-15,12,86.802002,13,1128.426026
325,23-03-15,13,85.957001,13,1117.441013
326,30-03-15,14,85.047997,13,1105.623961
327,06-04-15,15,86.772003,13,1128.036039
328,13-04-15,16,88.378998,13,1148.926974
329,20-04-15,17,84.858002,13,1103.154026
330,27-04-15,18,82.426003,13,1071.538039
331,04-05-15,19,83.530998,13,1085.9029739999999
332,11-05-15,20,83.406998,13,1084.290974
333,18-05-15,21,84.068001,13,1092.8840129999999
334,25-05-15,22,84.014,13,1092.182
335,01-06-15,23,84.763,13,1101.919
336,08-06-15,24,81.292999,14,1138.101986
337,15-06-15,25,81.011002,14,1134.1540280000002
338,22-06-15,26,84.092003,13,1093.1960390000002
339,29-06-15,27,83.674004,13,1087.762052
340,06-07-15,28,85.872002,13,1116.336026
341,13-07-15,29,85.464996,13,1111.044948
342,20-07-15,30,87.113998,13,1132.481974
343,27-07-15,31,84.741997,13,1101.645961
344,03-08-15,32,86.635002,13,1126.255026
345,10-08-15,33,86.244003,13,1121.172039
346,17-08-15,34,85.503998,13,1111.551974
347,24-08-15,35,79.339996,14,1110.759944
348,31-08-15,36,80.859001,14,1132.026014
349,07-09-15,37,76.668999,15,1150.034985
350,14-09-15,38,79.543999,14,1113.615986
351,21-09-15,39,80.513,14,1127.182
352,28-09-15,40,78.806,14,1103.2839999999999
353,05-10-15,41,81.873001,14,1146.222014
354,12-10-15,42,82.140999,14,1149.973986
355,19-10-15,43,83.494003,13,1085.422039
356,26-10-15,44,83.419998,13,1084.459974
357,02-11-15,45,81.653,14,1143.142
358,09-11-15,46,80.311996,14,1124.3679439999999
359,16-11-15,47,79.220001,14,1109.080014
360,23-11-15,48,79.596001,14,1114.344014
361,30-11-15,49,80.331001,14,1124.634014
362,07-12-15,50,78.75,14,1102.5
363,14-12-15,51,77.227997,14,1081.191958
364,21-12-15,52,79.199997,14,1108.799958
365,28-12-15,53,79.998001,14,1119.972014
366,01-01-16,53,80.505997,14,1127.083958
367,04-01-16,1,79.030998,14,1106.433972
368,11-01-16,2,76.671997,15,1150.0799550000002
369,18-01-16,3,74.565002,15,1118.47503
370,25-01-16,4,75.418999,15,1131.284985
371,01-02-16,5,76.414001,15,1146.2100149999999
372,08-02-16,6,74.686996,15,1120.30494
373,15-02-16,7,72.327003,15,1084.905045
374,22-02-16,8,73.098,15,1096.47
375,29-02-16,9,70.837997,16,1133.407952
376,08-03-16,10,75.721001,15,1135.8150150000001
377,14-03-16,11,76.518997,15,1147.784955
378,21-03-16,12,78.010002,14,1092.140028
379,28-03-16,13,77.982002,14,1091.748028
380,04-04-16,14,78.623001,14,1100.722014
381,11-04-16,15,77.841003,14,1089.774042
382,18-04-16,16,80.037003,14,1120.518042
383,25-04-16,17,79.494003,14,1112.916042
384,02-05-16,18,79.124001,14,1107.736014
385,09-05-16,19,79.672997,14,1115.421958
386,16-05-16,20,79.804001,14,1117.256014
387,23-05-16,21,78.456001,14,1098.384014
388,30-05-16,22,82.758003,13,1075.854039
389,06-06-16,23,83.101997,13,1080.325961
390,13-06-16,24,82.601997,13,1073.825961
391,20-06-16,25,83.630997,13,1087.202961
392,27-06-16,26,82.448997,13,1071.836961
393,04-07-16,27,85.088997,13,1106.1569610000001
394,11-07-16,28,86.018997,13,1118.246961
395,18-07-16,29,86.503998,13,1124.551974
396,25-07-16,30,87.956001,13,1143.428013
397,01-08-16,31,87.969002,13,1143.5970260000001
398,08-08-16,32,88.667,13,1152.671
399,16-08-16,33,88.031998,13,1144.415974
400,22-08-16,34,87.813004,13,1141.569052
401,29-08-16,35,87.639999,13,1139.319987
402,06-09-16,36,90.980003,12,1091.760036
403,12-09-16,37,89.109001,12,1069.308012
404,19-09-16,38,89.758003,12,1077.096036
405,26-09-16,39,89.221001,12,1070.652012
406,03-10-16,40,89.176003,12,1070.112036
407,10-10-16,41,88.957001,12,1067.4840120000001
408,17-10-16,42,86.913002,13,1129.869026
409,24-10-16,43,88.773003,12,1065.276036
410,01-11-16,44,88.183998,13,1146.3919740000001
411,07-11-16,45,87.247002,13,1134.211026
412,15-11-16,46,83.087997,13,1080.143961
413,21-11-16,47,81.308998,14,1138.325972
414,28-11-16,48,83.245003,13,1082.185039
415,05-12-16,49,83.181999,13,1081.3659870000001
416,12-12-16,50,83.348999,13,1083.5369870000002
417,19-12-16,51,82.890999,13,1077.582987
418,26-12-16,52,80.781998,14,1130.947972
419,02-01-17,1,83.511002,13,1085.643026
420,09-01-17,2,84.128998,13,1093.676974
421,16-01-17,3,85.766998,13,1114.970974
422,23-01-17,4,85.457001,13,1110.941013
423,30-01-17,5,87.940002,13,1143.2200260000002
424,06-02-17,6,89.658997,12,1075.907964
425,13-02-17,7,89.699997,12,1076.399964
426,20-02-17,8,90.499001,12,1085.988012
427,27-02-17,9,90.749001,12,1088.988012
428,06-03-17,10,91.556,12,1098.672
429,14-03-17,11,92.737,12,1112.844
430,20-03-17,12,93.261002,12,1119.132024
431,27-03-17,13,92.599998,12,1111.1999759999999
432,03-04-17,14,94.412003,12,1132.9440359999999
433,10-04-17,15,93.918999,12,1127.027988
434,17-04-17,16,93.454002,12,1121.448024
435,24-04-17,17,94.148003,12,1129.776036
436,02-05-17,18,95.032997,12,1140.3959639999998
437,08-05-17,19,95.027,12,1140.324
438,15-05-17,20,96.305,11,1059.355
439,22-05-17,21,96.363998,11,1060.003978
440,29-05-17,22,98.028999,11,1078.3189889999999
441,05-06-17,23,98.944,11,1088.384
442,12-06-17,24,98.324997,11,1081.574967
443,19-06-17,25,98.825996,11,1087.0859560000001
444,27-06-17,26,97.347,11,1070.817
445,03-07-17,27,98.420998,11,1082.630978
446,10-07-17,28,100.017998,11,1100.1979780000001
447,17-07-17,29,101.688004,11,1118.568044
448,24-07-17,30,102.386002,11,1126.246022
449,31-07-17,31,103.427002,11,1137.697022
450,07-08-17,32,103.5,11,1138.5
451,14-08-17,33,100.934998,11,1110.284978
452,21-08-17,34,100.597,11,1106.567
453,28-08-17,35,102.278,11,1125.058
454,04-09-17,36,102.068001,11,1122.748011
455,11-09-17,37,103.052002,11,1133.572022
456,18-09-17,38,104.513,11,1149.643
457,25-09-17,39,101.695,11,1118.645
458,03-10-17,40,101.502998,11,1116.532978
459,09-10-17,41,103.084,11,1133.924
460,16-10-17,42,105.596001,10,1055.96001
461,23-10-17,43,105.164001,10,1051.64001
462,30-10-17,44,106.948997,10,1069.48997
463,06-11-17,45,107.668999,10,1076.68999
464,13-11-17,46,105.608002,10,1056.0800199999999
465,20-11-17,47,106.182999,10,1061.82999
466,27-11-17,48,106.985001,10,1069.8500099999999
467,04-12-17,49,104.695,11,1151.645
468,11-12-17,50,106.292999,10,1062.9299899999999
469,18-12-17,51,106.926003,10,1069.26003
470,26-12-17,52,108.280998,10,1082.80998
471,01-01-18,1,107.814003,10,1078.14003
472,08-01-18,2,109.246002,10,1092.46002
473,15-01-18,3,110.902,10,1109.02
474,22-01-18,4,112.878998,10,1128.78998
475,29-01-18,5,114.626999,10,1146.26999
476,05-02-18,6,110.293999,10,1102.93999
477,12-02-18,7,109.135002,10,1091.35002
478,19-02-18,8,107.410004,10,1074.10004
479,26-02-18,9,109.356003,10,1093.56003
480,05-03-18,10,107.174004,10,1071.74004
481,12-03-18,11,107.988998,10,1079.88998
482,19-03-18,12,104.769997,11,1152.469967
483,26-03-18,13,104.705002,11,1151.7550219999998
484,02-04-18,14,105.811996,10,1058.11996
485,09-04-18,15,107.358002,10,1073.5800199999999
486,16-04-18,16,108.936996,10,1089.36996
487,23-04-18,17,109.472,10,1094.72
488,30-04-18,18,111.167999,10,1111.6799899999999
489,07-05-18,19,110.722,10,1107.22
490,14-05-18,20,111.689003,10,1116.89003
491,21-05-18,21,109.049004,10,1090.49004
492,28-05-18,22,111.051003,10,1110.51003
493,04-06-18,23,110.115997,10,1101.15997
494,11-06-18,24,112.251999,10,1122.51999
495,18-06-18,25,112.399002,10,1123.99002
496,25-06-18,26,111.834999,10,1118.34999
497,02-07-18,27,110.997002,10,1109.97002
498,09-07-18,28,112.853996,10,1128.53996
499,16-07-18,29,113.983002,10,1139.8300199999999
500,23-07-18,30,115.339996,10,1153.39996
501,30-07-18,31,117.741997,9,1059.677973
502,06-08-18,32,118.735001,9,1068.6150089999999
503,13-08-18,33,118.224998,9,1064.024982
504,20-08-18,34,120.273003,9,1082.457027
505,27-08-18,35,121.792999,9,1096.1369909999999
506,03-09-18,36,120.764999,9,1086.8849910000001
507,10-09-18,37,119.649002,9,1076.841018
508,17-09-18,38,118.960999,9,1070.648991
509,24-09-18,39,114.796997,10,1147.96997
510,01-10-18,40,114.955002,10,1149.55002
511,08-10-18,41,108.050003,10,1080.5000300000002
512,15-10-18,42,109.985001,10,1099.8500099999999
513,22-10-18,43,107.150002,10,1071.50002
514,29-10-18,44,107.167,10,1071.67
515,05-11-18,45,110.148003,10,1101.48003
516,12-11-18,46,109.764,10,1097.6399999999999
517,19-11-18,47,112.239998,10,1122.39998
518,26-11-18,48,111.323997,10,1113.23997
519,03-12-18,49,113.799004,10,1137.99004
520,10-12-18,50,109.883003,10,1098.83003
521,17-12-18,51,113.639,10,1136.3899999999999
522,24-12-18,52,111.836998,10,1118.36998
523,01-01-19,1,113.984001,10,1139.8400100000001
524,07-01-19,2,112.561996,10,1125.61996
525,14-01-19,3,112.167,10,1121.67
526,21-01-19,4,114.477997,10,1144.77997
527,28-01-19,5,111.780998,10,1117.80998
528,04-02-19,6,114.301003,10,1143.01003
529,11-02-19,7,114.214996,10,1142.14996
530,18-02-19,8,111.668999,10,1116.68999
531,25-02-19,9,113.653999,10,1136.53999
532,05-03-19,10,114.889,10,1148.8899999999999
533,11-03-19,11,117.225998,9,1055.033982
534,18-03-19,12,119.987999,9,1079.891991
535,25-03-19,13,118.809998,9,1069.289982
536,01-04-19,14,122.080002,9,1098.720018
537,08-04-19,15,121.953003,9,1097.577027
538,15-04-19,16,122.878998,9,1105.9109819999999
539,22-04-19,17,121.867996,9,1096.811964
540,30-04-19,18,123.406998,9,1110.662982
541,06-05-19,19,121.831001,9,1096.479009
542,13-05-19,20,117.220001,9,1054.9800089999999
543,20-05-19,21,123.93,9,1115.3700000000001
544,27-05-19,22,125.032997,9,1125.296973
545,03-06-19,23,126.797997,9,1141.181973
546,10-06-19,24,125.674004,9,1131.066036
547,17-06-19,25,123.083,9,1107.747
548,24-06-19,26,123.405998,9,1110.653982
549,01-07-19,27,124.933998,9,1124.405982
550,08-07-19,28,121.944,9,1097.496
551,15-07-19,29,122.216003,9,1099.944027
552,22-07-19,30,119.894997,9,1079.054973
553,29-07-19,31,118.360001,9,1065.2400089999999
554,05-08-19,32,115.150002,10,1151.50002
555,13-08-19,33,115.763,9,1041.867
556,19-08-19,34,117.126999,9,1054.142991
557,26-08-19,35,117.086998,9,1053.782982
558,03-09-19,36,114.516998,10,1145.1699800000001
559,09-09-19,37,116.433998,9,1047.905982
560,16-09-19,38,116.403,9,1047.627
561,23-09-19,39,123.001999,9,1107.017991
562,30-09-19,40,121.567001,9,1094.103009
563,07-10-19,41,117.569,9,1058.121
564,14-10-19,42,119.892998,9,1079.036982
565,22-10-19,43,122.962997,9,1106.666973
566,29-10-19,44,124.678001,9,1122.102009
567,04-11-19,45,126.344002,9,1137.096018
568,11-11-19,46,126.490997,9,1138.4189729999998
569,18-11-19,47,125.730003,9,1131.570027
570,25-11-19,48,127.737,9,1149.633
571,02-12-19,49,127.634003,9,1148.7060270000002
572,09-12-19,50,126.325996,9,1136.933964
573,16-12-19,51,127.530998,9,1147.778982
574,23-12-19,52,129.929993,8,1039.439944
575,01-01-20,1,129.419998,8,1035.359984
576,06-01-20,2,127.370003,9,1146.330027
577,13-01-20,3,130.410004,8,1043.280032
578,20-01-20,4,129.779999,8,1038.239992
579,27-01-20,5,128.729996,8,1029.839968
580,03-02-20,6,124.419998,9,1119.779982
581,10-02-20,7,127.910004,9,1151.190036
582,17-02-20,8,127.839996,9,1150.559964
583,24-02-20,9,125.730003,9,1131.570027
584,02-03-20,10,118.389999,9,1065.5099910000001
585,09-03-20,11,111.620003,10,1116.20003
586,16-03-20,12,102.370003,11,1126.070033
587,23-03-20,13,83.519997,13,1085.759961
588,30-03-20,14,89.169998,12,1070.039976
589,07-04-20,15,92.410004,12,1108.920048
590,13-04-20,16,95.620003,12,1147.440036
591,20-04-20,17,97.989998,11,1077.889978
592,27-04-20,18,98.43,11,1082.73
593,04-05-20,19,98.800003,11,1086.800033
594,11-05-20,20,98.209999,11,1080.3099889999999
595,18-05-20,21,93.93,12,1127.16
596,26-05-20,22,96.209999,11,1058.3099889999999
597,01-06-20,23,104.419998,11,1148.6199780000002
598,08-06-20,24,108.099998,10,1080.99998
599,15-06-20,25,104.510002,11,1149.610022
600,22-06-20,26,109.559998,10,1095.59998
601,29-06-20,27,109.739998,10,1097.39998
602,06-07-20,28,114.279999,10,1142.79999
603,13-07-20,29,114.860001,10,1148.6000099999999
604,20-07-20,30,117.059998,9,1053.539982
605,27-07-20,31,118.389999,9,1065.5099910000001
606,03-08-20,32,116.169998,9,1045.529982
607,10-08-20,33,119.970001,9,1079.7300089999999
608,17-08-20,34,119.879997,9,1078.919973
609,24-08-20,35,122.0,9,1098.0
610,31-08-20,36,121.029999,9,1089.2699910000001
611,07-09-20,37,121.269997,9,1091.429973
612,14-09-20,38,122.129997,9,1099.169973
613,21-09-20,39,119.919998,9,1079.279982
614,28-09-20,40,119.75,9,1077.75
615,05-10-20,41,122.379997,9,1101.419973
616,12-10-20,42,126.959999,9,1142.639991
617,19-10-20,43,126.809998,9,1141.289982
618,26-10-20,44,125.809998,9,1132.289982
619,02-11-20,45,124.370003,9,1119.330027
620,09-11-20,46,132.729996,8,1061.839968
621,17-11-20,47,137.389999,8,1099.119992
622,23-11-20,48,137.759995,8,1102.07996
623,01-12-20,49,139.789993,8,1118.319944
624,07-12-20,50,142.289993,8,1138.319944
625,14-12-20,51,144.320007,7,1010.240049
626,21-12-20,52,142.5,8,1140.0
627,28-12-20,53,147.779999,7,1034.459993
628,01-01-21,53,149.570007,7,1046.990049
629,04-01-21,1,150.710007,7,1054.970049
630,11-01-21,2,154.380005,7,1080.660035
631,18-01-21,3,152.559998,7,1067.919986
632,25-01-21,4,152.460007,7,1067.220049
633,01-02-21,5,152.520004,7,1067.640028
634,08-02-21,6,161.029999,7,1127.209993
635,15-02-21,7,163.929993,7,1147.509951
636,22-02-21,8,157.179993,7,1100.259951
637,01-03-21,9,158.009995,7,1106.0699650000001
638,08-03-21,10,160.039993,7,1120.279951
639,15-03-21,11,159.960007,7,1119.720049
640,22-03-21,12,157.330002,7,1101.3100140000001
641,30-03-21,13,158.419998,7,1108.9399859999999
642,05-04-21,14,156.960007,7,1098.720049
643,12-04-21,15,154.080002,7,1078.5600140000001
644,19-04-21,16,154.089996,7,1078.6299720000002
645,26-04-21,17,155.169998,7,1086.1899859999999
646,03-05-21,18,156.970001,7,1098.790007
647,10-05-21,19,159.690002,7,1117.830014
648,17-05-21,20,159.520004,7,1116.640028
649,24-05-21,21,162.429993,7,1137.009951
650,31-05-21,22,166.789993,6,1000.7399580000001
651,07-06-21,23,168.630005,6,1011.7800300000001
652,14-06-21,24,169.559998,6,1017.359988
653,21-06-21,25,169.070007,6,1014.420042
654,28-06-21,26,169.850006,6,1019.100036
655,05-07-21,27,170.130005,6,1020.7800300000001
656,12-07-21,28,169.039993,6,1014.2399580000001
657,19-07-21,29,169.770004,6,1018.6200240000001
658,26-07-21,30,170.279999,6,1021.6799940000001
659,02-08-21,31,171.0,6,1026.0
660,09-08-21,32,175.410004,6,1052.460024
661,16-08-21,33,178.600006,6,1071.600036
662,23-08-21,34,178.100006,6,1068.600036
663,30-08-21,35,182.570007,6,1095.420042
664,06-09-21,36,187.550003,6,1125.300018
665,13-09-21,37,187.110001,6,1122.660006
666,20-09-21,38,187.860001,6,1127.160006
667,27-09-21,39,192.789993,5,963.949965
668,04-10-21,40,191.029999,6,1146.179994
669,11-10-21,41,193.089996,5,965.4499800000001
670,18-10-21,42,198.910004,5,994.5500199999999
671,25-10-21,43,195.710007,5,978.550035
672,01-11-21,44,193.839996,5,969.1999800000001
673,08-11-21,45,195.369995,5,976.849975
674,15-11-21,46,195.520004,5,977.60002
675,22-11-21,47,188.529999,6,1131.179994
676,29-11-21,48,184.550003,6,1107.300018
677,06-12-21,49,183.009995,6,1098.05997
678,13-12-21,50,187.899994,6,1127.399964
679,20-12-21,51,179.929993,6,1079.579958
680,27-12-21,52,184.550003,6,1107.300018
681,03-01-22,1,190.720001,6,1144.320006
682,10-01-22,2,194.350006,5,971.75003
683,17-01-22,3,198.029999,5,990.149995
684,24-01-22,4,185.789993,6,1114.7399580000001
